id,mass
dish_1566851198,342.0
dish_1565119439,189.0
dish_1561753432,238.0
dish_1561662054,292.0
dish_1563205982,469.0
dish_1565986702,204.0
dish_1564685450,288.0
dish_1564588567,312.0
dish_1558718009,76.0
dish_1562963289,180.0
dish_1562007739,65.0
dish_1562690047,68.0
dish_1565031338,215.0
dish_1563827086,175.0
dish_1562173200,259.0
dish_1563478751,545.0
dish_1566402232,841.0
dish_1560799558,74.0
dish_1563305883,77.0
dish_1562860045,123.0
dish_1559238566,109.0
dish_1558115169,28.0
dish_1561574974,152.0
dish_1562703345,58.0
dish_1559843690,134.0
dish_1562611620,76.0
dish_1563476551,750.0
dish_1561739649,388.0
dish_1562875211,147.0
dish_1558721700,56.0
dish_1566415520,143.0
dish_1559320019,205.0
dish_1562958603,93.0
dish_1561406817,243.0
dish_1562170356,432.0
dish_1565711326,285.0
dish_1566419635,389.0
dish_1558029278,27.0
dish_1565031283,116.0
dish_1561663035,99.0
dish_1558031351,41.0
dish_1562698239,230.0
dish_1566316726,685.0
dish_1564086658,230.0
dish_1563222800,146.0
dish_1563813806,156.0
dish_1568305257,420.0
dish_1560788349,134.0
dish_1560961261,218.0
dish_1568400967,113.0
dish_1563302420,381.0
dish_1563217993,337.0
dish_1562872746,203.0
dish_1567110556,150.0
dish_1559245654,202.0
dish_1562096608,163.0
dish_1563827482,621.0
dish_1563566626,54.0
dish_1561574479,293.0
dish_1564160043,98.0
dish_1565034681,185.0
dish_1563565508,387.0
dish_1562687554,281.0
dish_1565724235,209.0
dish_1566414342,552.0
dish_1559233102,124.0
dish_1563898688,93.0
dish_1563220802,252.0
dish_1563555543,280.0
dish_1562788794,281.0
dish_1565711083,33.0
dish_1565383128,456.0
dish_1563568357,448.0
dish_1563898722,303.0
dish_1561580608,81.0
dish_1560454539,119.0
dish_1564675157,284.0
dish_1563811662,254.0
dish_1563898786,344.0
dish_1563393341,119.0
dish_1565030391,313.0
dish_1559675234,120.0
dish_1563391375,139.0
dish_1565811335,219.0
dish_1562602803,120.0
dish_1563205877,35.0
dish_1563391333,81.0
dish_1562961588,67.0
dish_1561576954,262.0
dish_1563206562,68.0
dish_1558630038,51.0
dish_1568666263,348.0
dish_1558721931,53.0
dish_1560975628,296.0
dish_1568319769,151.0
dish_1563466280,66.0
dish_1565640427,42.0
dish_1562785184,390.0
dish_1565811588,263.0
dish_1565727851,305.0
dish_1561576257,134.0
dish_1558725193,132.0
dish_1561739719,637.0
dish_1558110385,34.0
dish_1565036953,443.0
dish_1558116201,91.0
dish_1562702813,59.0
dish_1559589942,179.0
dish_1558722685,76.0
dish_1561578394,185.0
dish_1562963109,488.0
dish_1559841891,272.0
dish_1563217939,171.0
dish_1565728591,322.0
dish_1564675060,77.0
dish_1564432191,220.0
dish_1559845767,375.0
dish_1566502573,487.0
dish_1560543704,161.0
dish_1559240908,128.0
dish_1568047973,234.0
dish_1558641037,117.0
dish_1560529825,117.0
dish_1558461431,5.0
dish_1561752680,175.0
dish_1559235771,54.0
dish_1559841950,32.0
dish_1562875241,275.0
dish_1566413388,231.0
dish_1565207896,383.0
dish_1558636813,88.0
dish_1561575068,436.0
dish_1558030182,88.0
dish_1562775356,120.0
dish_1565021054,144.0
dish_1563568148,225.0
dish_1565382995,158.0
dish_1566938059,256.0
dish_1565024741,192.0
dish_1559233445,49.0
dish_1562094877,155.0
dish_1563563467,119.0
dish_1558725702,117.0
dish_1561748274,260.0
dish_1561753400,178.0
dish_1558719994,133.0
dish_1558379391,223.0
dish_1562184663,271.0
dish_1560526530,242.0
dish_1563222850,232.0
dish_1562096542,50.0
dish_1558629041,226.0
dish_1566931620,461.0
dish_1567526785,539.0
dish_1558463362,116.0
dish_1559842409,179.0
dish_1564685406,192.0
dish_1561576767,621.0
dish_1557861605,39.0
dish_1568320338,163.0
dish_1558638954,129.0
dish_1561666821,170.0
dish_1558114875,143.0
dish_1563898019,237.0
dish_1560445069,243.0
dish_1566850142,284.0
dish_1558468401,47.0
dish_1560369080,49.0
dish_1565884833,643.0
dish_1560456833,378.0
dish_1560441511,123.0
dish_1567106646,201.0
dish_1562947020,333.0
dish_1566591048,481.0
dish_1559841808,96.0
dish_1558632130,99.0
dish_1563555072,112.0
dish_1566328929,165.0
dish_1561662869,192.0
dish_1558458438,14.0
dish_1562686492,100.0
dish_1565383062,403.0
dish_1559239256,128.0
dish_1566835701,744.0
dish_1564773942,442.0
dish_1562950895,144.0
dish_1561753075,668.0
dish_1558461792,233.0
dish_1565203015,397.0
dish_1561661324,75.0
dish_1562872365,76.0
dish_1560356314,27.0
dish_1568664972,221.0
dish_1561661552,325.0
dish_1558639266,29.0
dish_1565986733,287.0
dish_1560961385,293.0
dish_1559842326,106.0
dish_1565898193,268.0
dish_1559668314,300.0
dish_1560441288,72.0
dish_1561576794,738.0
dish_1561666619,52.0
dish_1562963648,247.0
dish_1565898158,194.0
dish_1565638550,215.0
dish_1558632233,193.0
dish_1565637548,102.0
dish_1565711453,134.0
dish_1565987081,288.0
dish_1558640513,245.0
dish_1558031566,26.0
dish_1563551006,213.0
dish_1562605352,195.0
dish_1561741063,135.0
dish_1565972429,831.0
dish_1565637504,56.0
dish_1567801791,111.0
dish_1563307575,419.0
dish_1562784307,157.0
dish_1564170967,410.0
dish_1560543682,86.0
dish_1564518454,62.0
dish_1563567663,461.0
dish_1565640365,623.0
dish_1558114086,143.0
dish_1562862550,257.0
dish_1566936297,266.0
dish_1566328831,500.0
dish_1562963059,389.0
dish_1565811025,277.0
dish_1564589072,241.0
dish_1562688382,71.0
dish_1565637123,114.0
dish_1558722636,75.0
dish_1561147944,34.0
dish_1566414291,244.0
dish_1562702441,371.0
dish_1565203094,485.0
dish_1563998210,91.0
dish_1561577083,37.0
dish_1563566725,206.0
dish_1561577598,393.0
dish_1558722707,107.0
dish_1558640917,21.0
dish_1558719145,416.0
dish_1561148021,216.0
dish_1566417398,46.0
dish_1560973984,195.0
dish_1562602888,343.0
dish_1560367258,341.0
dish_1561492228,488.0
dish_1562611522,50.0
dish_1566590566,142.0
dish_1562698132,178.0
dish_1565627751,72.0
dish_1560801020,250.0
dish_1567785709,138.0
dish_1567629106,211.0
dish_1559844928,86.0
dish_1561049435,257.0
dish_1558029148,108.0
dish_1558379639,112.0
dish_1557862829,24.0
dish_1562776465,212.0
dish_1558628711,129.0
dish_1559844063,277.0
dish_1561737200,262.0
dish_1559240441,59.0
dish_1559667994,213.0
dish_1563898813,382.0
dish_1563221602,306.0
dish_1561062555,32.0
dish_1565898590,257.0
dish_1562183201,425.0
dish_1564686657,105.0
dish_1568048053,356.0
dish_1558544427,103.0
dish_1561661500,268.0
dish_1561753275,397.0
dish_1558381819,65.0
dish_1567019993,55.0
dish_1560801041,292.0
dish_1558031302,74.0
dish_1562785328,91.0
dish_1561665671,89.0
dish_1567537280,404.0
dish_1559845399,178.0
dish_1562169729,50.0
dish_1565022027,267.0
dish_1558376768,143.0
dish_1565207865,129.0
dish_1566849862,67.0
dish_1558628339,13.0
dish_1561062586,89.0
dish_1565884692,408.0
dish_1558030910,15.0
dish_1562012076,438.0
dish_1565898402,229.0
dish_1564761426,202.0
dish_1558641287,64.0
dish_1568318361,341.0
dish_1561749348,93.0
dish_1564761457,223.0
dish_1562180089,437.0
dish_1563827060,55.0
dish_1563567978,114.0
dish_1562699612,74.0
dish_1562168450,431.0
dish_1568047932,55.0
dish_1565981898,290.0
dish_1558640748,58.0
dish_1560454488,42.0
dish_1559675146,45.0
dish_1559245589,52.0
dish_1558718051,97.0
dish_1563205927,181.0
dish_1563565720,149.0
dish_1561580370,124.0
dish_1558115320,30.0
dish_1561661479,166.0
dish_1566501324,113.0
dish_1559845513,379.0
dish_1558110335,7.0
dish_1558030724,61.0
dish_1560802048,83.0
dish_1561753649,196.0
dish_1559319826,79.0
dish_1561575977,102.0
dish_1564514997,396.0
dish_1565118729,248.0
dish_1560456326,138.0
dish_1564427430,170.0
dish_1560889061,281.0
dish_1566332154,425.0
dish_1561404505,442.0
dish_1560367085,183.0
dish_1558641253,110.0
dish_1561404458,259.0
dish_1556575386,152.0
dish_1567107839,156.0
dish_1562180025,256.0
dish_1560801883,315.0
dish_1561662501,165.0
dish_1558631932,355.0
dish_1564588533,167.0
dish_1560975517,99.0
dish_1560370833,99.0
dish_1558639440,116.0
dish_1566488981,486.0
dish_1563910276,241.0
dish_1559678367,215.0
dish_1562096512,25.0
dish_1562700685,110.0
dish_1563479596,151.0
dish_1560441270,46.0
dish_1556575558,151.0
dish_1565020926,489.0
dish_1561393649,359.0
dish_1568048018,287.0
dish_1559925037,10.0
dish_1568055963,32.0
dish_1564588719,81.0
dish_1558115601,111.0
dish_1564687046,308.0
dish_1568060414,146.0
dish_1563302447,440.0
dish_1566933454,154.0
dish_1560455000,84.0
dish_1562872182,296.0
dish_1567024135,147.0
dish_1563207389,327.0
dish_1565021640,500.0
dish_1567542876,260.0
dish_1562956486,142.0
dish_1563391681,143.0
dish_1560543505,172.0
dish_1558725829,460.0
dish_1564691420,226.0
dish_1557937335,38.0
dish_1565721855,450.0
dish_1558639306,99.0
dish_1563813501,414.0
dish_1563551220,558.0
dish_1565711270,93.0
dish_1558722871,60.0
dish_1567106668,248.0
dish_1566419510,103.0
dish_1565207727,231.0
dish_1566590007,457.0
dish_1559332795,39.0
dish_1568405499,419.0
dish_1560444637,285.0
dish_1562950018,142.0
dish_1558110297,51.0
dish_1558639555,320.0
dish_1560973936,44.0
dish_1561741090,221.0
dish_1562959344,44.0
dish_1561662532,191.0
dish_1564429270,354.0
dish_1560800836,170.0
dish_1563216659,173.0
dish_1565021220,361.0
dish_1564170098,67.0
dish_1560798815,341.0
dish_1564168695,78.0
dish_1562945131,67.0
dish_1563305401,332.0
dish_1565797645,70.0
dish_1563550614,205.0
dish_1567785165,116.0
dish_1567625392,171.0
dish_1560961202,153.0
dish_1565725156,500.0
dish_1563984167,608.0
dish_1560441311,93.0
dish_1563476323,339.0
dish_1561737776,139.0
dish_1561492204,334.0
dish_1567023296,92.0
dish_1561579673,360.0
dish_1558630072,295.0
dish_1565725071,190.0
dish_1563555100,186.0
dish_1563563348,294.0
dish_1560453412,631.0
dish_1562873264,595.0
dish_1562788506,108.0
dish_1566330428,228.0
dish_1565799507,78.0
dish_1565894889,74.0
dish_1559149650,64.0
dish_1559149615,23.0
dish_1562010315,477.0
dish_1560787781,97.0
dish_1564432094,63.0
dish_1560356355,148.0
dish_1558116298,368.0
dish_1562011727,182.0
dish_1566501473,371.0
dish_1562774180,181.0
dish_1562947503,408.0
dish_1560441339,154.0
dish_1563294441,162.0
dish_1566501447,349.0
dish_1563897087,231.0
dish_1558636868,8.0
dish_1568056046,189.0
dish_1558113304,175.0
dish_1561578417,240.0
dish_1565210037,346.0
dish_1564516454,266.0
dish_1565810146,29.0
dish_1558723742,264.0
dish_1565638515,165.0
dish_1566933498,284.0
dish_1568055986,76.0
dish_1556575273,152.0
dish_1564685360,129.0
dish_1564428102,107.0
dish_1560975346,224.0
dish_1558377105,113.0
dish_1560961179,104.0
dish_1562169818,275.0
dish_1558457665,325.0
dish_1561662948,230.0
dish_1566501258,30.0
dish_1558629013,80.0
dish_1562871297,47.0
dish_1559245697,289.0
dish_1560799590,163.0
dish_1562700496,124.0
dish_1563395374,84.0
dish_1558372948,119.0
dish_1562702007,100.0
dish_1562007817,391.0
dish_1558628888,72.0
dish_1563567626,248.0
dish_1560801797,96.0
dish_1567110665,532.0
dish_1563913741,292.0
dish_1566931179,263.0
dish_1566328724,167.0
dish_1562784388,358.0
dish_1561577701,263.0
dish_1565724620,535.0
dish_1559844272,80.0
dish_1559838214,8.0
dish_1568313640,145.0
dish_1560441487,88.0
dish_1568044528,233.0
dish_1558378553,68.0
dish_1563910171,423.0
dish_1562181247,220.0
dish_1564773903,336.0
dish_1563220058,52.0
dish_1562963033,316.0
dish_1563565683,63.0
dish_1559062051,74.0
dish_1566500963,25.0
dish_1567020394,265.0
dish_1562180157,557.0
dish_1559934477,57.0
dish_1564429235,253.0
dish_1559848929,321.0
dish_1562963153,521.0
dish_1561749392,210.0
dish_1561574456,217.0
dish_1565641844,92.0
dish_1558641007,57.0
dish_1558721345,78.0
dish_1559593646,37.0
dish_1562872396,186.0
dish_1561739954,225.0
dish_1558115047,212.0
dish_1563391959,315.0
dish_1565033085,55.0
dish_1566844766,164.0
dish_1558026714,24.0
dish_1562617446,232.0
dish_1568316085,258.0
dish_1561661449,115.0
dish_1561741139,20.0
dish_1559751458,123.0
dish_1561662562,289.0
dish_1563221495,164.0
dish_1556575124,28.0
dish_1559239985,203.0
dish_1562698100,83.0
dish_1559244598,51.0
dish_1566851549,85.0
dish_1557861795,31.0
dish_1561579824,88.0
dish_1558457530,64.0
dish_1566317801,420.0
dish_1563996441,65.0
dish_1558378516,134.0
dish_1558632921,155.0
dish_1561740353,96.0
dish_1560368395,137.0
dish_1562010929,405.0
dish_1563393366,178.0
dish_1562959024,183.0
dish_1565379868,434.0
dish_1558028194,172.0
dish_1559843185,161.0
dish_1562872662,122.0
dish_1559244546,281.0
dish_1565811529,104.0
dish_1563823894,400.0
dish_1559060106,195.0
dish_1558547068,11.0
dish_1561404438,169.0
dish_1565711527,302.0
dish_1561739160,61.0
dish_1563218408,87.0
dish_1561579845,163.0
dish_1567785622,54.0
dish_1565984245,78.0
dish_1565034330,483.0
dish_1561392430,149.0
dish_1562008979,290.0
dish_1560368738,225.0
dish_1564515049,611.0
dish_1565194684,378.0
dish_1557936599,63.0
dish_1562959379,85.0
dish_1564170880,230.0
dish_1559239912,128.0
dish_1565382969,57.0
dish_1560527168,219.0
dish_1564516366,27.0
dish_1558550127,22.0
dish_1565641915,190.0
dish_1558639221,98.0
dish_1562784266,76.0
dish_1560357297,492.0
dish_1565195493,291.0
dish_1562686548,280.0
dish_1566931116,142.0
dish_1565895879,231.0
dish_1560961059,172.0
dish_1565638287,175.0
dish_1558114937,49.0
dish_1561654392,282.0
dish_1558462036,13.0
dish_1559245848,127.0
dish_1566937992,104.0
dish_1560455442,293.0
dish_1560456794,188.0
dish_1561148336,68.0
dish_1565209922,169.0
dish_1565379320,247.0
dish_1562687527,210.0
dish_1562173267,171.0
dish_1562617939,133.0
dish_1561148303,45.0
dish_1562688482,169.0
dish_1558640039,98.0
dish_1560802853,118.0
dish_1564429808,422.0
dish_1567542986,498.0
dish_1565021185,296.0
dish_1560270585,114.0
dish_1558719298,46.0
dish_1560788338,121.0
dish_1560455343,41.0
dish_1565118782,353.0
dish_1562168648,32.0
dish_1565727791,99.0
dish_1562010293,404.0
dish_1558031133,110.0
dish_1564427406,135.0
dish_1567106825,104.0
dish_1560357267,383.0
dish_1565640842,329.0
dish_1565984299,298.0
dish_1558720289,80.0
dish_1560961107,320.0
dish_1563563527,302.0
dish_1567526738,433.0
dish_1558639588,21.0
dish_1565119464,223.0
dish_1568060646,97.0
dish_1565898659,537.0
dish_1564687090,416.0
dish_1561392734,198.0
dish_1558725049,100.0
dish_1560368815,442.0
dish_1561654346,84.0
dish_1561663990,115.0
dish_1561662216,193.0
dish_1558639195,346.0
dish_1565640868,406.0
dish_1565725047,110.0
dish_1564432165,160.0
dish_1561580406,171.0
dish_1559678457,465.0
dish_1566414642,145.0
dish_1558115825,62.0
dish_1559849053,125.0
dish_1562775212,136.0
dish_1565809033,433.0
dish_1568665052,331.0
dish_1563897047,127.0
dish_1558459462,85.0
dish_1560974769,3051.0
dish_1562871408,228.0
dish_1564778030,283.0
dish_1563480608,650.0
dish_1556575083,64.0
dish_1562009120,146.0
dish_1562613898,162.0
dish_1562961609,186.0
dish_1558638163,99.0
dish_1566849387,517.0
dish_1562690112,207.0
dish_1565641943,307.0
dish_1564686702,130.0
dish_1565811091,371.0
dish_1563389413,99.0
dish_1564685183,150.0
dish_1566502315,495.0
dish_1558116486,57.0
dish_1559843030,77.0
dish_1563389446,173.0
dish_1560270630,215.0
dish_1563464457,163.0
dish_1568061202,334.0
dish_1562094621,34.0
dish_1566934430,361.0
dish_1562010891,341.0
dish_1560799615,283.0
dish_1563468240,239.0
dish_1566838317,284.0
dish_1558459945,142.0
dish_1566414891,163.0
dish_1565119418,122.0
dish_1566488928,147.0
dish_1562686520,226.0
dish_1565382886,348.0
dish_1564774805,353.0
dish_1558722247,343.0
dish_1566838378,482.0
dish_1562959570,216.0
dish_1566849233,117.0
dish_1561575327,289.0
dish_1566416339,186.0
dish_1560357792,50.0
dish_1562785132,192.0
dish_1564601528,163.0
dish_1563566810,331.0
dish_1568315088,423.0
dish_1565711115,308.0
dish_1563812535,266.0
dish_1563464651,130.0
dish_1562874049,155.0
dish_1558725621,223.0
dish_1564588688,43.0
dish_1566502505,275.0
dish_1561404924,39.0
dish_1562168399,243.0
dish_1558723047,93.0
dish_1558545738,142.0
dish_1560441529,152.0
dish_1563998323,574.0
dish_1560455203,188.0
dish_1567613057,749.0
dish_1562874203,332.0
dish_1561147967,85.0
dish_1567110783,210.0
dish_1566502061,385.0
dish_1563222830,211.0
dish_1559590031,269.0
dish_1566414225,88.0
dish_1558632475,112.0
dish_1561746970,363.0
dish_1558636980,397.0
dish_1558549214,361.0
dish_1562963246,122.0
dish_1564689219,474.0
dish_1567613019,645.0
dish_1560369122,183.0
dish_1567020340,168.0
dish_1560527140,138.0
dish_1561665706,228.0
dish_1566850099,112.0
dish_1565640549,139.0
dish_1561579505,126.0
dish_1558640563,23.0
dish_1560541793,462.0
dish_1563565289,88.0
dish_1565727921,397.0
dish_1563824092,135.0
dish_1562950934,464.0
dish_1563568025,247.0
dish_1566587182,377.0
dish_1561405934,243.0
dish_1564773876,219.0
dish_1561575274,145.0
dish_1562689601,37.0
dish_1563309315,462.0
dish_1556572657,36.0
dish_1568666032,220.0
dish_1568666303,560.0
dish_1568649387,192.0
dish_1566501293,56.0
dish_1564774773,90.0
dish_1558639630,110.0
dish_1562859116,98.0
dish_1563468362,598.0
dish_1558029842,67.0
dish_1560526447,70.0
dish_1558718649,76.0
dish_1562876494,26.0
dish_1564690038,81.0
dish_1560543583,350.0
dish_1562168471,490.0
dish_1566316496,64.0
dish_1563207364,271.0
dish_1562876756,322.0
dish_1558375506,142.0
dish_1565109659,263.0
dish_1562876645,112.0
dish_1558115011,20.0
dish_1561661972,39.0
dish_1562173175,163.0
dish_1560370137,104.0
dish_1560526552,319.0
dish_1558639167,154.0
dish_1565034281,306.0
dish_1565724050,72.0
dish_1562774504,176.0
dish_1563303298,103.0
dish_1567023161,134.0
dish_1562949162,12.0
dish_1563564828,355.0
dish_1560444785,448.0
dish_1563479568,82.0
dish_1565897569,150.0
dish_1565194781,568.0
dish_1562168427,368.0
dish_1560444985,264.0
dish_1562008780,195.0
dish_1568666357,603.0
dish_1564773976,463.0
dish_1563464389,17.0
dish_1560455399,149.0
dish_1568664931,60.0
dish_1558458903,20.0
dish_1560456853,501.0
dish_1563820775,162.0
dish_1558640008,212.0
dish_1562774980,201.0
dish_1568044496,118.0
dish_1558116146,111.0
dish_1559841979,85.0
dish_1558723818,107.0
dish_1564588889,346.0
dish_1561654732,191.0
dish_1567537457,361.0
dish_1560527225,503.0
dish_1561576483,371.0
dish_1563913588,68.0
dish_1559332487,98.0
dish_1567628157,355.0
dish_1564690085,143.0
dish_1565030350,62.0
dish_1560453294,138.0
dish_1566501594,109.0
dish_1559059924,20.0
dish_1563305083,901.0
dish_1567007814,152.0
dish_1563305948,178.0
dish_1561662160,36.0
dish_1565204931,515.0
dish_1560798707,139.0
dish_1566936323,318.0
dish_1559751744,188.0
dish_1565896701,184.0
dish_1562790224,116.0
dish_1565987269,45.0
dish_1561578570,65.0
dish_1563909550,273.0
dish_1563308428,329.0
dish_1558115241,111.0
dish_1561060925,156.0
dish_1562700593,384.0
dish_1567007848,243.0
dish_1563468199,107.0
dish_1562704564,124.0
dish_1559678104,135.0
dish_1563389626,360.0
dish_1566587689,270.0
dish_1561576680,455.0
dish_1562691441,232.0
dish_1559933818,154.0
dish_1565811390,266.0
dish_1565898511,102.0
dish_1563824155,361.0
dish_1558722171,97.0
dish_1563479526,51.0
dish_1562876732,291.0
dish_1564516397,59.0
dish_1567020366,203.0
dish_1562691613,300.0
dish_1561578865,246.0
dish_1558031628,92.0
dish_1566835641,546.0
dish_1566414924,227.0
dish_1567022147,128.0
dish_1559062005,30.0
dish_1565798617,311.0
dish_1562876618,43.0
dish_1564675411,308.0
dish_1568318286,115.0
dish_1565799663,591.0
dish_1563811515,491.0
dish_1565204855,105.0
dish_1563551134,173.0
dish_1558628921,60.0
dish_1558642458,92.0
dish_1563207277,106.0
dish_1564000536,397.0
dish_1559841061,99.0
dish_1563468269,302.0
dish_1563900120,49.0
dish_1558719040,94.0
dish_1565107119,562.0
dish_1559845370,139.0
dish_1558375583,251.0
dish_1558632445,91.0
dish_1558546434,11.0
dish_1563217968,244.0
dish_1559061675,83.0
dish_1559849097,325.0
dish_1558723926,107.0
dish_1565378770,287.0
dish_1558547008,96.0
dish_1563479655,282.0
dish_1565117892,102.0
dish_1562785159,315.0
dish_1562008842,294.0
dish_1562775456,66.0
dish_1565035802,250.0
dish_1558720335,46.0
dish_1559241099,382.0
dish_1561665626,49.0
dish_1565117429,147.0
dish_1558722103,368.0
dish_1567537185,185.0
dish_1558030971,49.0
dish_1558110478,161.0
dish_1557936555,96.0
dish_1558549008,115.0
dish_1563566939,238.0
dish_1558114284,316.0
dish_1561749818,395.0
dish_1558115364,313.0
dish_1566415558,234.0
dish_1558459602,9.0
dish_1565379788,101.0
dish_1562777099,306.0
dish_1560802006,44.0
dish_1564427455,218.0
dish_1563913627,109.0
dish_1558028142,73.0
dish_1566413510,412.0
dish_1564170010,831.0
dish_1561491210,276.0
dish_1562184705,376.0
dish_1560369403,405.0
dish_1565728494,163.0
dish_1557937574,13.0
dish_1562787956,61.0
dish_1563304333,308.0
dish_1562008517,370.0
dish_1566316612,367.0
dish_1568314857,162.0
dish_1562875870,233.0
dish_1566419546,177.0
dish_1561737176,117.0
dish_1558122740,304.0
dish_1559240987,51.0
dish_1563294491,328.0
dish_1561407249,56.0
dish_1558115960,51.0
dish_1566333255,372.0
dish_1558376874,58.0
dish_1558642420,95.0
dish_1560799407,122.0
dish_1563389742,556.0
dish_1568405306,336.0
dish_1561654374,251.0
dish_1562959547,145.0
dish_1563550584,145.0
dish_1562876674,157.0
dish_1560874726,145.0
dish_1567625294,32.0
dish_1560368162,178.0
dish_1563996509,316.0
dish_1558109986,75.0
dish_1561393715,49.0
dish_1559235815,268.0
dish_1559678629,80.0
dish_1562691737,700.0
dish_1566849895,153.0
dish_1564171996,484.0
dish_1564518512,163.0
dish_1566329203,377.0
dish_1561753238,333.0
dish_1562958563,68.0
dish_1561577947,424.0
dish_1558637769,154.0
dish_1562959485,36.0
dish_1559841091,166.0
dish_1566488956,489.0
dish_1563984835,461.0
dish_1564073641,52.0
dish_1567537422,203.0
dish_1565727821,196.0
dish_1562872432,257.0
dish_1560888893,141.0
dish_1558719377,142.0
dish_1567106620,146.0
dish_1563389600,264.0
dish_1560539396,417.0
dish_1565383026,287.0
dish_1558031526,62.0
dish_1565895966,287.0
dish_1563813833,207.0
dish_1558629677,142.0
dish_1562775047,461.0
dish_1562861125,235.0
dish_1558723894,405.0
dish_1563207332,241.0
dish_1562099053,37.0
dish_1566488905,86.0
dish_1556575499,152.0
dish_1559845745,322.0
dish_1558458584,142.0
dish_1566402041,446.0
dish_1562086740,215.0
dish_1562947436,242.0
dish_1558114209,90.0
dish_1566501126,369.0
dish_1558030435,221.0
dish_1559239753,54.0
dish_1566416421,367.0
dish_1568320296,85.0
dish_1561739623,348.0
dish_1558722434,47.0
dish_1559245979,203.0
dish_1559751710,66.0
dish_1561666794,97.0
dish_1564691450,366.0
dish_1562946006,224.0
dish_1558722780,367.0
dish_1558030289,107.0
dish_1559751801,343.0
dish_1559243887,50.0
dish_1566317711,182.0
dish_1566931217,378.0
dish_1559578551,23.0
dish_1561575506,393.0
dish_1558380414,52.0
dish_1559846311,201.0
dish_1562784347,264.0
dish_1561061593,52.0
dish_1565798591,224.0
dish_1560526408,51.0
dish_1565107092,444.0
dish_1561580552,89.0
dish_1564503184,18.0
dish_1558637896,123.0
dish_1558635618,334.0
dish_1558639335,116.0
dish_1558642021,421.0
dish_1558724891,161.0
dish_1560367698,295.0
dish_1561146758,93.0
dish_1565813414,179.0
dish_1563395415,187.0
dish_1562963676,350.0
dish_1563217895,73.0
dish_1560889032,208.0
dish_1558723695,90.0
dish_1563389199,284.0
dish_1561494032,307.0
dish_1566417475,198.0
dish_1558629398,64.0
dish_1564428444,277.0
dish_1561576590,101.0
dish_1564170836,135.0
dish_1564691380,111.0
dish_1558031019,197.0
dish_1562945851,150.0
dish_1562008936,131.0
dish_1561667430,166.0
dish_1564588820,156.0
dish_1562777068,236.0
dish_1563564676,62.0
dish_1560788384,242.0
dish_1561575410,64.0
dish_1562875159,98.0
dish_1560787754,68.0
dish_1563568292,193.0
dish_1558723777,143.0
dish_1563391922,104.0
dish_1562691064,501.0
dish_1559590202,311.0
dish_1562615128,244.0
dish_1565107143,655.0
dish_1562777566,84.0
dish_1558630207,116.0
dish_1561578344,86.0
dish_1558028057,28.0
dish_1562945393,401.0
dish_1559589873,54.0
dish_1562788601,287.0
dish_1568401199,343.0
dish_1562875898,342.0
dish_1563900172,255.0
dish_1559841908,304.0
dish_1568044634,789.0
dish_1562603598,156.0
dish_1562702853,169.0
dish_1564590352,962.0
dish_1567801468,196.0
dish_1559243974,306.0
dish_1565797671,102.0
dish_1558380804,27.0
dish_1558632080,68.0
dish_1558373687,89.0
dish_1567801716,38.0
dish_1563984771,388.0
dish_1558113941,78.0
dish_1558550181,42.0
dish_1563911156,96.0
dish_1560443607,706.0
dish_1565207694,178.0
dish_1558547124,25.0
dish_1560368110,89.0
dish_1568649354,129.0
dish_1565981802,152.0
dish_1567526888,816.0
dish_1565638323,274.0
dish_1566934401,344.0
dish_1562786103,57.0
dish_1566591080,549.0
dish_1563205953,298.0
dish_1560367333,427.0
dish_1561663891,172.0
dish_1558029923,200.0
dish_1559061752,124.0
dish_1562960520,303.0
dish_1558635962,9.0
dish_1566402160,697.0
dish_1562775373,148.0
dish_1562614980,485.0
dish_1558631872,89.0
dish_1558641320,336.0
dish_1558637423,409.0
dish_1561739188,143.0
dish_1563568338,371.0
dish_1558380557,212.0
dish_1563824377,338.0
dish_1559844657,167.0
dish_1563305653,117.0
dish_1559933793,111.0
dish_1562872914,124.0
dish_1563480476,332.0
dish_1563480505,475.0
dish_1563824250,43.0
dish_1560798744,220.0
dish_1559158354,60.0
dish_1565974409,228.0
dish_1558550079,142.0
dish_1565123783,35.0
dish_1566933226,171.0
dish_1563555510,131.0
dish_1566933401,79.0
dish_1567023132,84.0
dish_1563208459,161.0
dish_1559933834,458.0
dish_1565898128,134.0
dish_1568401064,572.0
dish_1561492161,43.0
dish_1558721434,350.0
dish_1565640528,105.0
dish_1567789154,111.0
dish_1566938088,381.0
dish_1564083480,133.0
dish_1558635546,117.0
dish_1563911255,235.0
dish_1561663914,205.0
dish_1562613010,128.0
dish_1558722125,86.0
dish_1562172643,457.0
dish_1561575033,339.0
dish_1562776428,66.0
dish_1565022062,366.0
dish_1561134128,141.0
dish_1558372695,43.0
dish_1563219009,202.0
dish_1567023262,64.0
dish_1561580322,76.0
dish_1558724932,72.0
dish_1567525637,81.0
dish_1566328745,203.0
dish_1560356627,301.0
dish_1566922978,84.0
dish_1561405887,139.0
dish_1558379324,48.0
dish_1568666184,190.0
dish_1559844951,122.0
dish_1566590946,228.0
dish_1564685229,347.0
dish_1565194752,510.0
dish_1568061145,196.0
dish_1558115512,126.0
dish_1558546663,197.0
dish_1557853154,57.0
dish_1560370804,6.0
dish_1558372433,143.0
dish_1561574623,152.0
dish_1563897794,101.0
dish_1558461692,40.0
dish_1563306392,288.0
dish_1558461760,61.0
dish_1558458496,77.0
dish_1559233144,198.0
dish_1562701956,38.0
dish_1565896662,57.0
dish_1563389548,194.0
dish_1562874282,469.0
dish_1565032748,435.0
dish_1564588919,452.0
dish_1562698209,135.0
dish_1562698276,307.0
dish_1558721323,93.0
dish_1559243139,53.0
dish_1559246053,494.0
dish_1566931548,253.0
dish_1565799565,396.0
dish_1558722322,92.0
dish_1567107049,23.0
dish_1563909982,318.0
dish_1565119698,308.0
dish_1563568003,135.0
dish_1562947409,190.0
dish_1564082212,425.0
dish_1559844458,81.0
dish_1559244649,455.0
dish_1561576916,98.0
dish_1562872150,34.0
dish_1561405864,106.0
dish_1558460061,59.0
dish_1562788845,372.0
dish_1566501153,419.0
dish_1566590056,519.0
dish_1558719336,97.0
dish_1559593722,106.0
dish_1563389079,119.0
dish_1564775147,151.0
dish_1562702379,227.0
dish_1558635400,100.0
dish_1562959103,255.0
dish_1558630867,142.0
dish_1562094694,142.0
dish_1562099076,61.0
dish_1562086501,132.0
dish_1561060787,91.0
dish_1563295334,96.0
dish_1558549773,10.0
dish_1562774159,129.0
dish_1559578579,78.0
dish_1563984199,670.0
dish_1564590254,432.0
dish_1562959700,153.0
dish_1558638844,154.0
dish_1562958809,389.0
dish_1560368990,119.0
dish_1558638983,56.0
dish_1562007789,322.0
dish_1558029686,22.0
dish_1558719570,143.0
dish_1558376483,270.0
dish_1560975491,86.0
dish_1561393619,284.0
dish_1562689519,173.0
dish_1561407208,29.0
dish_1559675268,144.0
dish_1558721380,107.0
dish_1560367926,194.0
dish_1565035830,414.0
dish_1558113255,90.0
dish_1558722906,90.0
dish_1565109606,94.0
dish_1563304925,508.0
dish_1562168800,242.0
dish_1558381665,51.0
dish_1563551397,302.0
dish_1562872498,320.0
dish_1562860073,259.0
dish_1559157454,28.0
dish_1561663817,86.0
dish_1560443565,475.0
dish_1560366963,42.0
dish_1562959599,281.0
dish_1561667207,121.0
dish_1560787696,7.0
dish_1567537352,73.0
dish_1563813395,193.0
dish_1562703447,259.0
dish_1562775488,145.0
dish_1565725188,521.0
dish_1564073677,92.0
dish_1562085132,17.0
dish_1567612986,524.0
dish_1558718088,405.0
dish_1565123881,515.0
dish_1562691000,349.0
dish_1562690886,37.0
dish_1558724723,112.0
dish_1558460908,302.0
dish_1560366998,131.0
dish_1562704616,213.0
dish_1560798928,399.0
dish_1558458737,32.0
dish_1560368972,107.0
dish_1562945900,281.0
dish_1557861697,53.0
dish_1566501067,306.0
dish_1561578441,309.0
dish_1562787745,58.0
dish_1559668272,239.0
dish_1565727765,77.0
dish_1563897395,233.0
dish_1567542843,216.0
dish_1562008813,225.0
dish_1560802562,5.0
dish_1565810969,20.0
dish_1562690950,202.0
dish_1568061320,491.0
dish_1563476267,51.0
dish_1559842047,285.0
dish_1562874250,393.0
dish_1560889008,84.0
dish_1562700760,418.0
dish_1563389719,457.0
dish_1563309398,604.0
dish_1559843492,95.0
dish_1560360148,317.0
dish_1565194906,839.0
dish_1566413419,280.0
dish_1567801520,600.0
dish_1563220767,130.0
dish_1558028606,65.0
dish_1566849327,362.0
dish_1566330466,283.0
dish_1558636902,95.0
dish_1560974707,60.0
dish_1563822597,176.0
dish_1566847431,90.0
dish_1560974009,409.0
dish_1558116436,17.0
dish_1558381860,59.0
dish_1562788816,320.0
dish_1561749750,315.0
dish_1558640671,95.0
dish_1558549806,203.0
dish_1563998513,599.0
dish_1558546558,44.0
dish_1560874548,72.0
dish_1567785223,261.0
dish_1558724607,152.0
dish_1567024224,315.0
dish_1561492703,134.0
dish_1563555160,287.0
dish_1558722883,60.0
dish_1558462531,72.0
dish_1566849923,240.0
dish_1562691705,554.0
dish_1559843715,334.0
dish_1562959766,307.0
dish_1566835603,66.0
dish_1567542953,354.0
dish_1556573514,23.0
dish_1563309285,128.0
dish_1562184628,121.0
dish_1562945186,219.0
dish_1566592456,126.0
dish_1560369146,359.0
dish_1561736736,145.0
dish_1566419577,210.0
dish_1565382803,177.0
dish_1560368506,378.0
dish_1566838286,145.0
dish_1558723073,90.0
dish_1562790775,40.0
dish_1562947598,258.0
dish_1563391647,22.0
dish_1563220987,110.0
dish_1564518586,315.0
dish_1558376984,350.0
dish_1567020054,145.0
dish_1568060501,413.0
dish_1558721904,143.0
dish_1559238608,438.0
dish_1562615153,286.0
dish_1566851155,260.0
dish_1558032156,26.0
dish_1558719097,107.0
dish_1561061658,227.0
dish_1564518542,234.0
dish_1561406789,164.0
dish_1562611680,256.0
dish_1565898758,612.0
dish_1562168365,140.0
dish_1566502537,315.0
dish_1562602945,492.0
dish_1562699652,103.0
dish_1564589308,161.0
dish_1560444931,200.0
dish_1562615360,191.0
dish_1566847454,210.0
dish_1564590226,376.0
dish_1563389693,383.0
dish_1567628069,73.0
dish_1561661347,132.0
dish_1562959059,216.0
dish_1563909507,151.0
dish_1558641926,154.0
dish_1561576618,188.0
dish_1561392632,352.0
dish_1563475921,348.0
dish_1563391413,237.0
dish_1568314823,90.0
dish_1561062171,58.0
dish_1558381943,60.0
dish_1560455030,103.0
dish_1559850338,130.0
dish_1565208562,92.0
dish_1563567319,382.0
dish_1558640808,26.0
dish_1565711154,385.0
dish_1561740411,297.0
dish_1563897439,578.0
dish_1563565761,159.0
dish_1561751897,199.0
dish_1562010394,116.0
dish_1567789230,300.0
dish_1563221086,254.0
dish_1565383097,430.0
dish_1561753021,573.0
dish_1559751552,254.0
dish_1563996625,215.0
dish_1566414780,651.0
dish_1566417516,425.0
dish_1559678127,170.0
dish_1562790855,507.0
dish_1562875320,377.0
dish_1563910530,214.0
dish_1558376938,74.0
dish_1558376734,60.0
dish_1566501012,160.0
dish_1563984242,753.0
dish_1566587143,234.0
dish_1558116090,91.0
dish_1560366438,136.0
dish_1560357427,241.0
dish_1564516732,54.0
dish_1565984345,353.0
dish_1562009182,274.0
dish_1563218987,172.0
dish_1562700718,255.0
dish_1565207815,80.0
dish_1562700885,117.0
dish_1562009314,195.0
dish_1558379273,66.0
dish_1559242568,203.0
dish_1558718906,247.0
dish_1564689078,55.0
dish_1559668016,279.0
dish_1562959799,363.0
dish_1563565415,284.0
dish_1558724689,79.0
dish_1566851677,296.0
dish_1568666089,335.0
dish_1558723414,49.0
dish_1562788536,190.0
dish_1562700931,312.0
dish_1564518488,117.0
dish_1563820806,273.0
dish_1563897837,304.0
dish_1566849955,288.0
dish_1561577119,78.0
dish_1559233756,222.0
dish_1558630932,265.0
dish_1565728415,80.0
dish_1559850314,100.0
dish_1562010266,284.0
dish_1560444570,114.0
dish_1565808943,74.0
dish_1565119642,78.0
dish_1560887457,246.0
dish_1563564760,243.0
dish_1563898107,424.0
dish_1561739576,84.0
dish_1564432128,102.0
dish_1559846034,32.0
dish_1566329257,537.0
dish_1561405034,153.0
dish_1565123845,201.0
dish_1562702412,285.0
dish_1562873002,307.0
dish_1562963517,511.0
dish_1558720133,57.0
dish_1565721828,239.0
dish_1560888849,107.0
dish_1559242221,114.0
dish_1558030383,26.0
dish_1559925083,81.0
dish_1560976044,137.0
dish_1565898361,202.0
dish_1563216440,352.0
dish_1562086702,33.0
dish_1558028772,192.0
dish_1558724766,161.0
dish_1565728388,47.0
dish_1561579576,267.0
dish_1561577219,216.0
dish_1563984296,871.0
dish_1558110436,69.0
dish_1558639787,99.0
dish_1565035715,39.0
dish_1565369971,134.0
dish_1566851584,222.0
dish_1566920304,570.0
dish_1565898432,282.0
dish_1566329021,486.0
dish_1561060531,177.0
dish_1563295400,269.0
dish_1560456348,149.0
dish_1561576978,341.0
dish_1565640914,457.0
dish_1562603842,237.0
dish_1568401261,443.0
dish_1562169840,389.0
dish_1560368691,112.0
dish_1562614158,301.0
dish_1558637214,16.0
dish_1559233055,39.0
dish_1562702091,214.0
dish_1562958629,172.0
dish_1559925174,155.0
dish_1559848882,254.0
dish_1563294987,18.0
dish_1558724031,303.0
dish_1560543625,554.0
dish_1566934057,193.0
dish_1564171935,309.0
dish_1561739238,257.0
dish_1560453356,408.0
dish_1559846528,267.0
dish_1558629878,142.0
dish_1566923030,226.0
dish_1558628760,198.0
dish_1560539368,314.0
dish_1561749857,447.0
dish_1564428181,320.0
dish_1561567086,181.0
dish_1563811611,132.0
dish_1558544663,208.0
dish_1564775182,277.0
dish_1566936352,368.0
dish_1559157777,11.0
dish_1563911215,170.0
dish_1558373492,325.0
dish_1561749664,162.0
dish_1563998279,296.0
dish_1564169958,563.0
dish_1561579706,390.0
dish_1556575446,152.0
dish_1565638478,91.0
dish_1566588016,374.0
dish_1563996596,90.0
dish_1563823390,372.0
dish_1565894910,179.0
dish_1564169932,473.0
dish_1558028492,61.0
dish_1567625434,396.0
dish_1564685144,50.0
dish_1562614952,403.0
dish_1561481577,37.0
dish_1563996279,278.0
dish_1559842274,53.0
dish_1560369008,146.0
dish_1559842374,137.0
dish_1558116260,75.0
dish_1559678146,284.0
dish_1559158425,13.0
dish_1559845290,86.0
dish_1558725286,308.0
dish_1558637698,49.0
dish_1566587714,373.0
dish_1568305198,82.0
dish_1563909951,188.0
dish_1558721636,299.0
dish_1558640267,92.0
dish_1562700906,222.0
dish_1562963325,379.0
dish_1567625343,74.0
dish_1566849208,70.0
dish_1562690144,354.0
dish_1566589967,322.0
dish_1559158263,33.0
dish_1564689138,223.0
dish_1562703382,145.0
dish_1560368138,123.0
dish_1559934645,56.0
dish_1558725734,75.0
dish_1565209963,253.0
dish_1562774346,264.0
dish_1558544870,170.0
dish_1564159588,113.0
dish_1562963612,156.0
dish_1563824339,175.0
dish_1563909580,361.0
dish_1559844506,180.0
dish_1561749908,472.0
dish_1565107171,724.0
dish_1561574215,134.0
dish_1565382762,139.0
dish_1565798531,61.0
dish_1558640373,276.0
dish_1562960437,69.0
dish_1559675101,31.0
dish_1558638216,43.0
dish_1563823814,85.0
dish_1562876709,186.0
dish_1561575688,362.0
dish_1563568263,45.0
dish_1563996251,158.0
dish_1567526814,639.0
dish_1563295016,79.0
dish_1566923004,153.0
dish_1563550950,93.0
dish_1561667238,165.0
dish_1563476577,857.0
dish_1566332040,65.0
dish_1568315988,69.0
dish_1565195362,103.0
dish_1564073860,91.0
dish_1562704665,399.0
dish_1558721559,92.0
dish_1567538303,307.0
dish_1558642089,96.0
dish_1559232986,35.0
dish_1565811000,225.0
dish_1558376306,108.0
dish_1558630288,11.0
dish_1559844683,198.0
dish_1561580431,197.0
dish_1563464543,319.0
dish_1562615388,273.0
dish_1558633221,449.0
dish_1562860723,160.0
dish_1558636928,89.0
dish_1565207662,128.0
dish_1557853429,276.0
dish_1565033220,578.0
dish_1557862345,63.0
dish_1562776497,292.0
dish_1560444892,90.0
dish_1565638599,279.0
dish_1561481673,324.0
dish_1560455421,189.0
dish_1558721959,62.0
dish_1565725244,590.0
dish_1564170474,168.0
dish_1558635994,136.0
dish_1559240089,385.0
dish_1558461607,127.0
dish_1561576449,308.0
dish_1566499564,37.0
dish_1567110756,42.0
dish_1568405273,288.0
dish_1560368019,301.0
dish_1562096973,350.0
dish_1565895808,99.0
dish_1562008429,69.0
dish_1566931586,389.0
dish_1564171888,194.0
dish_1566849269,153.0
dish_1558722968,284.0
dish_1559844090,331.0
dish_1567021831,228.0
dish_1558723568,356.0
dish_1565118096,588.0
dish_1560529804,51.0
dish_1565810205,153.0
dish_1566502472,119.0
dish_1560445004,290.0
dish_1559245801,107.0
dish_1566931519,182.0
dish_1562617370,55.0
dish_1565972591,122.0
dish_1563294547,455.0
dish_1562615103,110.0
dish_1558639907,58.0
dish_1562009098,96.0
dish_1567538263,56.0
dish_1562861174,274.0
dish_1563465805,23.0
dish_1558641897,110.0
dish_1561749061,360.0
dish_1563477659,52.0
dish_1558380527,112.0
dish_1563475953,453.0
dish_1561575347,327.0
dish_1558640238,126.0
dish_1559238993,108.0
dish_1558544482,67.0
dish_1561145732,67.0
dish_1563208129,291.0
dish_1561575951,91.0
dish_1563218959,131.0
dish_1558031237,93.0
dish_1563565354,193.0
dish_1565728453,140.0
dish_1563811490,390.0
dish_1558724959,426.0
dish_1566920365,871.0
dish_1560369273,221.0
dish_1559233715,110.0
dish_1563475826,176.0
dish_1565109637,253.0
dish_1559667948,57.0
dish_1568318316,297.0
dish_1563219035,221.0
dish_1557863056,47.0
dish_1568665935,58.0
dish_1562959295,19.0
dish_1563294465,237.0
dish_1558721272,72.0
dish_1568305225,144.0
dish_1561663541,112.0
dish_1566851704,348.0
dish_1563811463,376.0
dish_1560541706,140.0
dish_1560360112,248.0
dish_1562788760,178.0
dish_1561752970,299.0
dish_1565024707,149.0
dish_1561752481,169.0
dish_1560367980,254.0
dish_1566934085,259.0
dish_1567022296,444.0
dish_1561576051,179.0
dish_1565641885,139.0
dish_1561574783,24.0
dish_1563897492,662.0
dish_1565711570,324.0
dish_1561576887,47.0
dish_1563308353,140.0
dish_1565972384,706.0
dish_1566590987,370.0
dish_1563813436,242.0
dish_1560368712,142.0
dish_1565896039,384.0
dish_1567628193,439.0
dish_1562774129,77.0
dish_1558375732,66.0
dish_1565021965,177.0
dish_1559841023,46.0
dish_1567106693,417.0
dish_1564516760,329.0
dish_1562687274,141.0
dish_1564605328,349.0
dish_1568319838,312.0
dish_1557862783,258.0
dish_1562613376,267.0
dish_1566416388,315.0
dish_1559846585,201.0
dish_1561134156,220.0
dish_1567785654,96.0
dish_1560887435,171.0
dish_1563393148,118.0
dish_1560442450,149.0
dish_1562617395,125.0
dish_1562699570,22.0
dish_1559846099,114.0
dish_1562181285,324.0
dish_1560455263,360.0
dish_1558028007,71.0
dish_1558722398,161.0
dish_1568060722,359.0
dish_1560356566,213.0
dish_1561662458,119.0
dish_1565898489,40.0
dish_1559841571,5.0
dish_1565021599,398.0
dish_1561752509,224.0
dish_1562602589,106.0
dish_1566851115,70.0
dish_1562008695,72.0
dish_1560444616,240.0
dish_1559149688,181.0
dish_1567021864,262.0
dish_1564761388,105.0
dish_1558628956,14.0
dish_1561737223,334.0
dish_1559846363,286.0
dish_1562691674,435.0
dish_1560454513,62.0
dish_1561492519,206.0
dish_1558639138,54.0
dish_1565208637,305.0
dish_1561049373,146.0
dish_1559240510,213.0
dish_1562789301,435.0
dish_1565033265,625.0
dish_1563389786,564.0
dish_1561574394,82.0
dish_1563464480,213.0
dish_1563910137,141.0
dish_1561406762,35.0
dish_1565204891,314.0
dish_1561060976,266.0
dish_1562603626,209.0
dish_1560369102,121.0
dish_1558641391,58.0
dish_1562872945,234.0
dish_1558628515,56.0
dish_1563304881,446.0
dish_1565035746,149.0
dish_1562949242,119.0
dish_1563996308,659.0
dish_1564170071,35.0
dish_1560801829,178.0
dish_1558630600,142.0
dish_1558373074,142.0
dish_1561060477,105.0
dish_1559850283,47.0
dish_1562788732,52.0
dish_1559240382,42.0
dish_1558635865,19.0
dish_1561404485,349.0
dish_1558722748,49.0
dish_1558375886,277.0
dish_1560360055,180.0
dish_1558723512,39.0
dish_1561578226,289.0
dish_1563389153,224.0
dish_1559675178,100.0
dish_1563568118,134.0
dish_1562009148,210.0
dish_1564687013,224.0
dish_1566332268,595.0
dish_1558458847,143.0
dish_1562007763,298.0
dish_1566402095,577.0
dish_1558116001,223.0
dish_1564777933,39.0
dish_1558639979,90.0
dish_1562613340,189.0
dish_1561576707,492.0
dish_1562945823,99.0
dish_1558638924,25.0
dish_1568315040,400.0
dish_1559843052,130.0
dish_1563391989,464.0
dish_1568660810,47.0
dish_1561405836,31.0
dish_1564588859,257.0
dish_1558636388,96.0
dish_1563563492,176.0
dish_1560529844,168.0
dish_1564086778,437.0
dish_1560800918,40.0
dish_1562960472,166.0
dish_1561407312,121.0
dish_1560441464,50.0
dish_1558723537,58.0
dish_1561662358,91.0
dish_1565884766,546.0
dish_1562613285,84.0
dish_1563822636,258.0
dish_1562086564,287.0
dish_1560801773,54.0
dish_1563205903,122.0
dish_1561492182,171.0
dish_1562777037,171.0
dish_1566838351,417.0
dish_1558027057,65.0
dish_1561579867,217.0
dish_1563221640,364.0
dish_1564170173,176.0
dish_1564601600,434.0
dish_1562099134,188.0
dish_1558462106,37.0
dish_1562009934,369.0
dish_1562774206,272.0
dish_1565640272,405.0
dish_1566316681,122.0
dish_1560455059,134.0
dish_1558115915,59.0
dish_1565898723,588.0
dish_1558031675,180.0
dish_1566328776,436.0
dish_1564675380,23.0
dish_1561049320,19.0
dish_1565897680,405.0
dish_1563476408,513.0
dish_1562605315,147.0
dish_1563208439,96.0
dish_1557862738,118.0
dish_1562181217,199.0
dish_1566414754,533.0
dish_1558381032,20.0
dish_1559844611,81.0
dish_1558723449,143.0
dish_1561661850,264.0
dish_1563216412,205.0
dish_1561480460,277.0
dish_1558381206,153.0
dish_1562787817,184.0
dish_1559172356,176.0
dish_1561060448,41.0
dish_1565726887,172.0
dish_1566414686,407.0
dish_1560444592,175.0
dish_1566499633,139.0
dish_1560367193,317.0
dish_1561405411,282.0
dish_1563207301,173.0
dish_1562862493,134.0
dish_1563304301,151.0
dish_1564429702,158.0
dish_1565798558,109.0
dish_1558457415,80.0
dish_1559674781,203.0
dish_1561148481,140.0
dish_1566588066,562.0
dish_1563477701,150.0
dish_1559846504,233.0
dish_1562009894,200.0
dish_1565898230,500.0
dish_1568320470,341.0
dish_1565799617,520.0
dish_1564761488,336.0
dish_1560799368,53.0
dish_1564169298,299.0
dish_1558721726,143.0
dish_1563475788,78.0
dish_1562099157,207.0
dish_1564775216,340.0
dish_1563221519,206.0
dish_1563911185,133.0
dish_1564688969,90.0
dish_1561664977,47.0
dish_1560543557,191.0
dish_1560357832,82.0
dish_1562873224,436.0
dish_1558640418,35.0
dish_1560369255,61.0
dish_1565987142,426.0
dish_1563566674,88.0
dish_1561579933,306.0
dish_1562872470,282.0
dish_1564169644,163.0
dish_1565884738,463.0
dish_1563996656,284.0
dish_1558724853,118.0
dish_1559590005,241.0
dish_1562963583,52.0
dish_1558629644,15.0
dish_1558630325,269.0
dish_1558721533,55.0
dish_1563551360,218.0
dish_1558640614,116.0
dish_1560366389,38.0
dish_1558721669,97.0
dish_1558725112,330.0
dish_1568061174,287.0
dish_1561575170,171.0
dish_1562008394,24.0
dish_1560444967,252.0
dish_1560802764,99.0
dish_1563565454,322.0
dish_1558460138,56.0
dish_1566849987,540.0
dish_1567024252,454.0
dish_1565023128,32.0
dish_1558113154,54.0
dish_1566402197,736.0
dish_1559233570,51.0
dish_1558641200,8.0
dish_1562615070,50.0
dish_1565379251,67.0
dish_1559674689,177.0
dish_1561578839,214.0
dish_1564432238,315.0
dish_1562010085,264.0
dish_1558725760,161.0
dish_1561567053,87.0
dish_1562783605,270.0
dish_1565118029,453.0
dish_1560527070,69.0
dish_1560453132,108.0
dish_1559059992,94.0
dish_1561666849,298.0
dish_1568060461,304.0
dish_1558380152,143.0
dish_1562872981,288.0
dish_1560453275,60.0
dish_1564169878,341.0
dish_1565020796,99.0
dish_1566331868,372.0
dish_1562602918,417.0
dish_1566931482,91.0
dish_1563305982,225.0
dish_1567525712,184.0
dish_1563222775,75.0
dish_1558459395,36.0
dish_1560539340,228.0
dish_1558639662,89.0
dish_1559668238,89.0
dish_1558382263,425.0
dish_1556575014,62.0
dish_1560454970,55.0
dish_1561662814,20.0
dish_1560888817,34.0
dish_1560453150,141.0
dish_1563305513,228.0
dish_1561736715,109.0
dish_1558639089,28.0
dish_1568404850,100.0
dish_1562959129,293.0
dish_1568061234,358.0
dish_1564590146,205.0
dish_1560442279,222.0
dish_1565711498,229.0
dish_1560543605,501.0
dish_1558381742,68.0
dish_1560787817,165.0
dish_1568313575,112.0
dish_1560975572,159.0
dish_1562010418,157.0
dish_1567023110,40.0
dish_1567801830,201.0
dish_1567022338,463.0
dish_1561737293,636.0
dish_1558548666,75.0
dish_1560455158,55.0
dish_1564428144,171.0
dish_1564686966,65.0
dish_1563222745,48.0
dish_1568318480,587.0
dish_1558113204,31.0
dish_1563304369,326.0
dish_1562011794,364.0
dish_1565118067,522.0
dish_1560456305,21.0
dish_1563823292,208.0
dish_1563910708,555.0
dish_1565724087,160.0
dish_1563563317,252.0
dish_1565711358,658.0
dish_1558115448,94.0
dish_1556575700,86.0
dish_1561392386,51.0
dish_1563564797,310.0
dish_1561580628,156.0
dish_1559934679,146.0
dish_1562183065,75.0
dish_1567542778,98.0
dish_1561579617,304.0
dish_1558373449,72.0
dish_1558026684,71.0
dish_1562700957,424.0
dish_1562096372,287.0
dish_1567542914,297.0
dish_1558722665,60.0
dish_1565972628,359.0
dish_1568044581,696.0
dish_1568400935,42.0
dish_1563553780,167.0
dish_1561481634,228.0
dish_1565987298,88.0
dish_1563479625,214.0
dish_1558459276,79.0
dish_1563824130,202.0
dish_1563295044,158.0
dish_1563389114,148.0
dish_1561576026,156.0
dish_1566333324,476.0
dish_1566500988,63.0
dish_1565725095,257.0
dish_1566417442,158.0
dish_1558460205,8.0
dish_1558640145,287.0
dish_1568405430,121.0
dish_1558635933,98.0
dish_1563823359,333.0
dish_1566934487,468.0
dish_1565035858,531.0
dish_1558373159,334.0
dish_1563304261,37.0
dish_1561392710,106.0
dish_1562785369,232.0
dish_1562617470,321.0
dish_1562947376,73.0
dish_1562010369,69.0
dish_1562790824,368.0
dish_1561737839,370.0
dish_1565981848,198.0
dish_1560543729,213.0
dish_1561393550,176.0
dish_1562871448,276.0
dish_1562783691,423.0
dish_1564160161,97.0
dish_1558640105,73.0
dish_1561060503,138.0
dish_1558722370,79.0
dish_1566844803,227.0
dish_1559244417,59.0
dish_1568315001,364.0
dish_1557936645,36.0
dish_1561577731,334.0
dish_1559590157,234.0
dish_1561739212,214.0
dish_1565119493,280.0
dish_1558381143,53.0
dish_1558468589,55.0
dish_1563393244,280.0
dish_1562946106,359.0
dish_1567007719,42.0
dish_1563827162,354.0
dish_1560455090,155.0
dish_1558635489,74.0
dish_1562702355,99.0
dish_1561666761,43.0
dish_1563207406,443.0
dish_1558114569,39.0
dish_1566934120,316.0
dish_1560442374,233.0
dish_1568314951,325.0
dish_1560874667,83.0
dish_1567023375,268.0
dish_1566413321,61.0
dish_1566328894,89.0
dish_1562602687,311.0
dish_1558725226,79.0
dish_1561663580,307.0
dish_1566414723,482.0
dish_1561753623,149.0
dish_1565378680,81.0
dish_1558457577,111.0
dish_1558640074,116.0
dish_1566846997,168.0
dish_1563220143,327.0
dish_1558468547,34.0
dish_1561134102,81.0
dish_1559844323,161.0
dish_1561654756,225.0
dish_1561665422,385.0
dish_1560442258,185.0
dish_1562094931,282.0
dish_1561575445,123.0
dish_1565036922,336.0
dish_1560443437,204.0
dish_1558629488,64.0
dish_1566317742,254.0
dish_1568061272,415.0
dish_1561664042,209.0
dish_1565981769,47.0
dish_1561393764,182.0
dish_1563393182,193.0
dish_1562173411,159.0
dish_1557861837,123.0
dish_1558640849,238.0
dish_1560799277,73.0
dish_1561746912,210.0
dish_1567023335,117.0
dish_1558115282,144.0
dish_1560798656,108.0
dish_1557937758,128.0
dish_1563305837,14.0
dish_1558376212,52.0
dish_1565207631,54.0
dish_1563910676,501.0
dish_1558637865,67.0
dish_1565033139,274.0
dish_1565898544,182.0
dish_1559843222,229.0
dish_1568318408,563.0
dish_1568401090,614.0
dish_1558109864,37.0
dish_1564083534,307.0
dish_1562949541,374.0
dish_1558636544,71.0
dish_1564428515,479.0
dish_1561579902,247.0
dish_1558639526,78.0
dish_1563464429,103.0
dish_1565119669,229.0
dish_1558631825,112.0
dish_1565797723,221.0
dish_1558379588,143.0
dish_1561574815,89.0
dish_1560526472,114.0
dish_1561576295,232.0
dish_1565020895,416.0
dish_1568060697,161.0
dish_1565724269,311.0
dish_1565972674,426.0
dish_1566934455,395.0
dish_1565117990,380.0
dish_1564169254,201.0
dish_1560360102,248.0
dish_1562173247,149.0
dish_1558468435,80.0
dish_1562790170,84.0
dish_1558376364,71.0
dish_1559238435,202.0
dish_1558641442,211.0
dish_1564686832,392.0
dish_1566501041,194.0
dish_1558719401,49.0
dish_1562945779,29.0
dish_1562617416,168.0
dish_1558375833,92.0
dish_1565117962,304.0
dish_1558640781,154.0
dish_1564086748,339.0
dish_1558721484,62.0
dish_1562603895,517.0
dish_1564590115,121.0
dish_1558636514,89.0
dish_1559062082,311.0
dish_1563563264,163.0
dish_1560368464,275.0
dish_1563309237,62.0
dish_1558457468,70.0
dish_1558114609,160.0
dish_1566413356,164.0
dish_1560360030,131.0
dish_1561578676,224.0
dish_1562789207,55.0
dish_1564170283,301.0
dish_1565031376,308.0
dish_1558027243,163.0
dish_1565811287,127.0
dish_1559059954,20.0
dish_1562789240,154.0
dish_1566332193,504.0
dish_1558109945,143.0
dish_1563984140,472.0
dish_1558110245,51.0
dish_1562875273,306.0
dish_1563567372,590.0
dish_1563218031,426.0
dish_1559841870,201.0
dish_1565382733,102.0
dish_1558722473,379.0
dish_1565809080,485.0
dish_1558722207,160.0
dish_1558640593,116.0
dish_1558546918,54.0
dish_1560370114,39.0
dish_1562086595,324.0
dish_1561575613,70.0
dish_1567022180,162.0
dish_1563294575,562.0
dish_1561577146,99.0
dish_1561752563,367.0
dish_1566402123,657.0
dish_1562959732,232.0
dish_1563553756,124.0
dish_1560874751,220.0
dish_1558463562,64.0
dish_1562691383,70.0
dish_1562949205,57.0
dish_1562097624,68.0
dish_1558641954,102.0
dish_1559593794,380.0
dish_1561407283,86.0
dish_1566587102,146.0
dish_1559844366,192.0
dish_1558630006,75.0
dish_1567525744,298.0
dish_1562775275,318.0
dish_1562615324,136.0
dish_1565034605,52.0
dish_1563221025,123.0
dish_1559233627,12.0
dish_1564086602,49.0
dish_1562611649,146.0
dish_1564082462,609.0
dish_1560444756,418.0
dish_1558109907,63.0
dish_1558641164,154.0
dish_1563824065,66.0
dish_1565726848,121.0
dish_1564429894,566.0
dish_1558029324,250.0
dish_1567526845,709.0
dish_1558721980,79.0
dish_1563476463,542.0
dish_1564073716,295.0
dish_1561575474,183.0
dish_1561580278,53.0
dish_1561751958,293.0
dish_1562603569,62.0
dish_1567020091,238.0
dish_1558723847,96.0
dish_1568060542,481.0
dish_1559674866,303.0
dish_1558725403,50.0
dish_1562775110,282.0
dish_1562012048,248.0
dish_1558379876,374.0
dish_1558640979,169.0
dish_1563566909,187.0
dish_1563480534,576.0
dish_1563823423,441.0
dish_1560543755,264.0
dish_1568405466,189.0
dish_1565123816,110.0
dish_1563468327,483.0
dish_1561740385,139.0
dish_1565034234,175.0
dish_1558723982,51.0
dish_1562096343,62.0
dish_1558632959,89.0
dish_1561492665,93.0
dish_1561575996,128.0
dish_1558641108,243.0
dish_1562788010,182.0
dish_1560368570,452.0
dish_1560444724,343.0
dish_1561665024,121.0
dish_1562007904,489.0
dish_1558641211,8.0
dish_1563308323,66.0
dish_1558459115,298.0
dish_1568060616,61.0
dish_1558630176,142.0
dish_1561480439,189.0
dish_1566316558,263.0
dish_1559849020,67.0
dish_1560798960,429.0
dish_1562010865,216.0
dish_1563555605,403.0
dish_1561748950,205.0
dish_1563900150,154.0
dish_1567021799,76.0
dish_1558122583,61.0
dish_1562085185,227.0
dish_1565032680,208.0
dish_1563568319,347.0
dish_1565987116,397.0
dish_1558459528,64.0
dish_1561576737,519.0
dish_1558639673,89.0
dish_1558639849,57.0
dish_1557937427,17.0
dish_1561578461,392.0
dish_1561665452,431.0
dish_1560527745,149.0
dish_1563393403,216.0
dish_1558116547,144.0
dish_1566502033,253.0
dish_1560526490,170.0
dish_1558380181,313.0
dish_1558028690,66.0
dish_1563910106,84.0
dish_1559060055,81.0
dish_1567612954,155.0
dish_1560975601,253.0
dish_1562686664,209.0
dish_1558381084,53.0
dish_1560543525,187.0
dish_1565812116,36.0
dish_1566850031,662.0
dish_1562949467,72.0
dish_1562173742,15.0
dish_1563913709,263.0
dish_1563826223,139.0
dish_1565023182,308.0
dish_1566333118,90.0
dish_1565369938,31.0
dish_1558636582,410.0
dish_1561060703,445.0
dish_1562096401,352.0
dish_1565984434,430.0
dish_1562873155,79.0
dish_1559700851,54.0
dish_1558459994,37.0
dish_1560453380,480.0
dish_1564777986,221.0
dish_1567024187,235.0
dish_1563820834,311.0
dish_1559843335,77.0
dish_1561580659,480.0
dish_1563913675,228.0
dish_1563303350,167.0
dish_1558630450,125.0
dish_1562958721,167.0
dish_1558724992,79.0
dish_1564514906,178.0
dish_1563996485,201.0
dish_1565640601,333.0
dish_1559332418,271.0
dish_1565896745,244.0
dish_1562008549,405.0
dish_1565119739,461.0
dish_1558724658,364.0
dish_1563295360,181.0
dish_1564083508,225.0
dish_1564159520,42.0
dish_1558468285,44.0
dish_1561060558,221.0
dish_1568056217,427.0
dish_1559678083,66.0
dish_1562703408,196.0
dish_1562958775,251.0
dish_1561062286,167.0
dish_1566414412,658.0
dish_1562011765,283.0
dish_1564159636,134.0
dish_1558378634,315.0
dish_1562086037,121.0
dish_1563824304,122.0
dish_1559581236,212.0
dish_1566502271,359.0
dish_1559841163,335.0
dish_1565894858,27.0
dish_1565210009,290.0
dish_1560366460,255.0
dish_1558373352,100.0
dish_1559678651,122.0
dish_1559589902,76.0
dish_1562700568,318.0
dish_1560441247,17.0
dish_1563307488,247.0
dish_1559846334,233.0
dish_1565036821,134.0
dish_1561746876,84.0
dish_1568401233,418.0
dish_1562611580,50.0
dish_1562169762,210.0
dish_1563220171,363.0
dish_1563827188,377.0
dish_1558462228,17.0
dish_1563220087,98.0
dish_1561405389,223.0
dish_1558116399,25.0
dish_1558468731,440.0
dish_1561578603,96.0
dish_1558718587,41.0
dish_1558629818,27.0
dish_1561577848,254.0
dish_1562959517,74.0
dish_1558721587,90.0
dish_1559319971,96.0
dish_1562615283,78.0
dish_1568313676,214.0
dish_1564773847,161.0
dish_1557937157,271.0
dish_1559844479,133.0
dish_1559667973,179.0
dish_1558458541,51.0
dish_1560527105,104.0
dish_1558630649,355.0
dish_1563304958,614.0
dish_1562614088,67.0
dish_1563216689,302.0
dish_1558114523,18.0
dish_1565637608,278.0
dish_1563464627,115.0
dish_1562009810,108.0
dish_1561749778,340.0
dish_1562613974,375.0
dish_1558468494,77.0
dish_1563303386,218.0
dish_1568319725,59.0
dish_1562774099,40.0
dish_1562183175,324.0
dish_1562775241,220.0
dish_1566838407,558.0
dish_1565811423,290.0
dish_1568404889,219.0
dish_1565194823,619.0
dish_1562949494,149.0
dish_1564589366,348.0
dish_1563553735,88.0
dish_1563395341,54.0
dish_1558030832,72.0
dish_1568320427,240.0
dish_1557937615,21.0
dish_1558029230,115.0
dish_1565637162,286.0
dish_1558373405,40.0
dish_1564690194,430.0
dish_1560802092,128.0
dish_1565727738,9.0
dish_1562183125,131.0
dish_1558633158,85.0
dish_1563551164,270.0
dish_1565382833,228.0
dish_1558379712,119.0
dish_1562947885,313.0
dish_1558640604,117.0
dish_1565117463,248.0
dish_1562963084,424.0
dish_1559846073,85.0
dish_1558027001,68.0
dish_1568401018,447.0
dish_1562611853,243.0
dish_1561662926,213.0
dish_1565724196,82.0
dish_1558641989,55.0
dish_1564675118,238.0
dish_1558114145,83.0
dish_1561752535,307.0
dish_1562691466,267.0
dish_1563395449,222.0
dish_1566316587,311.0
dish_1565711296,110.0
dish_1560203424,138.0
dish_1562603536,14.0
dish_1558640705,234.0
dish_1558459664,273.0
dish_1564170542,440.0
dish_1559581333,234.0
dish_1561062237,110.0
dish_1567785778,310.0
dish_1563295292,22.0
dish_1562774531,254.0
dish_1557861216,1.0
dish_1564690167,207.0
dish_1567022251,254.0
dish_1562010130,376.0
dish_1558723719,40.0
dish_1565036890,260.0
dish_1561749016,272.0
dish_1560543465,77.0
dish_1558719514,430.0
dish_1563813308,76.0
dish_1563898084,384.0
dish_1562009006,323.0
dish_1567108037,365.0
dish_1562096584,90.0
dish_1565627800,261.0
dish_1567024066,86.0
dish_1565036788,70.0
dish_1564686791,343.0
dish_1565640894,422.0
dish_1566331914,481.0
dish_1561753589,78.0
dish_1562787983,149.0
dish_1558549086,95.0
dish_1558639949,64.0
dish_1564503219,242.0
dish_1563563240,42.0
dish_1566589933,122.0
dish_1567785739,177.0
dish_1565021675,575.0
dish_1563897938,10.0
dish_1563984729,321.0
dish_1563563378,351.0
dish_1563302391,311.0
dish_1565724509,158.0
dish_1562704640,275.0
dish_1558372771,311.0
dish_1558636483,154.0
dish_1559593746,186.0
dish_1562873814,134.0
dish_1567107989,111.0
dish_1561061630,150.0
dish_1559240875,203.0
dish_1562095283,197.0
dish_1566316757,819.0
dish_1558459020,61.0
dish_1565727875,365.0
dish_1558639482,29.0
dish_1566587958,224.0
dish_1565640812,234.0
dish_1562168673,73.0
dish_1562690074,104.0
dish_1563305722,405.0
dish_1562008476,120.0
dish_1564000417,128.0
dish_1562702892,338.0
dish_1562872223,468.0
dish_1565728684,464.0
dish_1560367733,388.0
dish_1563464670,156.0
dish_1562775574,387.0
dish_1558722068,31.0
dish_1562183151,195.0
dish_1563309353,529.0
dish_1558638292,356.0
dish_1562170163,107.0
dish_1568666000,197.0
dish_1558463113,139.0
dish_1562787783,76.0
dish_1560444914,166.0
dish_1565724588,410.0
dish_1564675240,886.0
dish_1566331801,203.0
dish_1558639876,215.0
dish_1562688552,304.0
dish_1560367676,198.0
dish_1559849537,393.0
dish_1561405912,196.0
dish_1566413445,360.0
dish_1566317775,410.0
dish_1563395510,372.0
dish_1563826272,261.0
dish_1562603813,146.0
dish_1564778057,377.0
dish_1558720097,74.0
dish_1558725085,151.0
dish_1560799647,474.0
dish_1558379182,56.0
dish_1562861103,50.0
dish_1563551194,400.0
dish_1564516429,186.0
dish_1559845046,207.0
dish_1558639012,490.0
dish_1558635523,43.0
dish_1566502000,184.0
dish_1561060613,304.0
dish_1566501352,170.0
dish_1562691566,187.0
dish_1563219056,258.0
dish_1560798785,310.0
dish_1564169340,518.0
dish_1562085672,46.0
dish_1566328988,398.0
dish_1562788568,230.0
dish_1561405008,134.0
dish_1560456814,283.0
dish_1567537252,303.0
dish_1561492628,31.0
dish_1563997327,120.0
dish_1563555563,304.0
dish_1560356337,119.0
dish_1562963484,80.0
dish_1562086116,285.0
dish_1562617703,110.0
dish_1559751775,254.0
dish_1562618000,448.0
dish_1561575192,236.0
dish_1562963006,247.0
dish_1561404956,82.0
dish_1565020867,325.0
dish_1558724912,75.0
dish_1565021141,248.0
dish_1560442303,297.0
dish_1561666897,402.0
dish_1563824406,387.0
dish_1561737271,520.0
dish_1565021714,662.0
dish_1566316525,83.0
dish_1562183096,95.0
dish_1557937037,49.0
dish_1564170923,319.0
dish_1559243704,203.0
dish_1566847483,314.0
dish_1560453174,256.0
dish_1558640941,53.0
dish_1561661377,294.0
dish_1558723096,66.0
dish_1558637247,111.0
dish_1567106794,48.0
dish_1566844850,345.0
dish_1558029518,111.0
dish_1561748862,87.0
dish_1563206601,337.0
dish_1558721757,133.0
dish_1563481030,129.0
dish_1558549413,118.0
dish_1564171970,396.0
dish_1558372650,83.0
dish_1564000459,217.0
dish_1564428475,370.0
dish_1558113430,28.0
dish_1565024675,34.0
dish_1563984701,172.0
dish_1562170331,400.0
dish_1565721800,171.0
dish_1563812570,320.0
dish_1568061097,55.0
dish_1558638137,117.0
dish_1566329049,575.0
dish_1558722931,76.0
dish_1558718974,73.0
dish_1559844030,77.0
dish_1557937079,27.0
dish_1557863104,40.0
dish_1563811639,198.0
dish_1559235690,111.0
dish_1568649312,78.0
dish_1561665378,70.0
dish_1566931674,531.0
dish_1562789328,503.0
dish_1558549605,75.0
dish_1556575327,152.0
dish_1561737248,394.0
dish_1561753168,138.0
dish_1563206409,277.0
dish_1565196260,143.0
dish_1564675193,803.0
dish_1562687299,196.0
dish_1562873544,201.0
dish_1561752035,374.0
dish_1558115867,23.0
dish_1558637393,128.0
dish_1566332085,163.0
dish_1562790259,207.0
dish_1562691032,415.0
dish_1562945879,234.0
dish_1562096907,266.0
dish_1558114484,28.0
dish_1565117934,235.0
dish_1558630488,88.0
dish_1563468299,385.0
dish_1564588483,51.0
dish_1566590536,51.0
dish_1561739930,79.0
dish_1560799113,37.0
dish_1563302315,63.0
dish_1561062320,202.0
dish_1565020822,193.0
dish_1563475874,251.0
dish_1566416299,86.0
dish_1563563289,218.0
dish_1565208611,157.0
dish_1562704528,56.0
dish_1566933180,96.0
dish_1564086624,131.0
dish_1559841127,285.0
dish_1557937715,39.0
dish_1559849497,340.0
dish_1558720236,407.0
dish_1564773826,56.0
dish_1558115764,28.0
dish_1562873028,320.0
dish_1561575661,228.0
dish_1562096633,237.0
dish_1557862696,77.0
dish_1565032714,330.0
dish_1566851222,375.0
dish_1559239151,40.0
dish_1561663606,347.0
dish_1564685482,337.0
dish_1565382856,294.0
dish_1561576212,103.0
dish_1558027164,30.0
dish_1562788032,214.0
dish_1558636028,262.0
dish_1567110631,260.0
dish_1563208412,39.0
dish_1562613403,315.0
dish_1563218201,156.0
dish_1563221562,260.0
dish_1561739805,1102.0
dish_1561061687,408.0
dish_1561491154,158.0
dish_1565033189,507.0
dish_1563217804,459.0
dish_1560444815,571.0
dish_1557853314,93.0
dish_1562010440,191.0
dish_1562790321,354.0
dish_1558629578,90.0
dish_1561753477,280.0
dish_1562784242,32.0
dish_1562008738,109.0
dish_1563564707,150.0
dish_1562689645,169.0
dish_1557863170,142.0
dish_1561491180,217.0
dish_1561576652,322.0
dish_1562687246,61.0
dish_1563305321,67.0
dish_1558724005,93.0
dish_1562691409,164.0
dish_1565370004,370.0
dish_1562790295,268.0
dish_1568666230,268.0
dish_1560443537,411.0
dish_1558630814,34.0
dish_1565726812,65.0
dish_1565711183,461.0
dish_1559590130,152.0
dish_1563996464,146.0
dish_1562871731,131.0
dish_1563813221,38.0
dish_1560887480,374.0
dish_1564429184,202.0
dish_1560456370,186.0
dish_1566330399,126.0
dish_1560368944,66.0
dish_1568649430,327.0
dish_1562876531,85.0
dish_1558376801,15.0
dish_1566931650,488.0
dish_1566331828,306.0
dish_1568319899,377.0
dish_1564169197,50.0
dish_1565728562,262.0
dish_1561578188,201.0
dish_1558550218,206.0
dish_1558468632,103.0
dish_1562010821,134.0
dish_1561148042,245.0
dish_1561662022,166.0
dish_1558723475,67.0
dish_1558629444,39.0
dish_1561405356,176.0
dish_1562007842,434.0
dish_1562875940,418.0
dish_1563897369,179.0
dish_1560367116,211.0
dish_1568665012,268.0
dish_1561480391,113.0
dish_1562699699,217.0
dish_1563217736,67.0
dish_1559238481,127.0
dish_1563392128,162.0
dish_1558629517,167.0
dish_1566333167,140.0
dish_1568405183,64.0
dish_1558723671,93.0
dish_1563305005,720.0
dish_1560203400,104.0
dish_1561739265,308.0
dish_1563897870,249.0
dish_1566419603,252.0
dish_1558549150,66.0
dish_1558632198,26.0
dish_1558717886,142.0
dish_1565898331,100.0
dish_1561392543,119.0
dish_1558380058,36.0
dish_1562871363,140.0
dish_1562961650,312.0
dish_1566501382,330.0
dish_1561665747,314.0
dish_1558373284,113.0
dish_1566332116,275.0
dish_1568405405,74.0
dish_1562605384,262.0
dish_1565194852,759.0
dish_1560800951,168.0
dish_1559585533,37.0
dish_1558722842,58.0
dish_1561666640,90.0
dish_1563986093,215.0
dish_1558459059,42.0
dish_1559319902,17.0
dish_1563305047,806.0
dish_1566923060,248.0
dish_1568315132,440.0
dish_1562168696,141.0
dish_1564000202,149.0
dish_1563812508,217.0
dish_1566333228,304.0
dish_1559245920,57.0
dish_1562085604,423.0
dish_1566936266,146.0
dish_1565118999,288.0
dish_1567789190,177.0
dish_1558641075,69.0
dish_1561662190,104.0
dish_1564518850,119.0
dish_1561061123,357.0
dish_1563302345,215.0
dish_1564000490,325.0
dish_1558115641,331.0
dish_1567542813,145.0
dish_1560443474,317.0
dish_1564516483,374.0
dish_1563391708,205.0
dish_1565107066,86.0
dish_1562602860,258.0
dish_1560444869,39.0
dish_1568315177,497.0
dish_1560887408,122.0
dish_1565383159,468.0
dish_1558380464,48.0
dish_1559242066,53.0
dish_1567110519,100.0
dish_1562614895,148.0
dish_1565640576,267.0
dish_1558718610,107.0
dish_1566934366,33.0
dish_1563221054,170.0
dish_1558640477,56.0
dish_1561739760,937.0
dish_1563900205,301.0
dish_1560367904,69.0
dish_1561060642,387.0
dish_1567106594,88.0
dish_1568320383,196.0
dish_1561665065,303.0
dish_1565812186,266.0
dish_1565726915,251.0
dish_1564686855,435.0
dish_1565813446,230.0
dish_1566849295,239.0
dish_1565972363,557.0
dish_1560442226,147.0
dish_1561749711,228.0
dish_1565020755,8.0
dish_1561147997,133.0
dish_1565724552,298.0
dish_1559319860,13.0
dish_1563393217,228.0
dish_1565811139,416.0
dish_1559848857,53.0
dish_1564605293,152.0
dish_1564429843,474.0
dish_1562860700,47.0
dish_1559932674,124.0
dish_1563827132,302.0
dish_1558381840,69.0
dish_1564514953,281.0
dish_1559838279,114.0
dish_1560367153,254.0
dish_1562950091,290.0
dish_1560367952,221.0
dish_1559678330,150.0
dish_1563565323,152.0
dish_1565974375,85.0
dish_1562947469,320.0
dish_1565034635,110.0
dish_1568316041,149.0
dish_1560961012,71.0
dish_1561577678,104.0
dish_1563307519,335.0
dish_1568060746,395.0
dish_1563908996,293.0
dish_1559244305,64.0
dish_1562958445,21.0
dish_1559578599,193.0
dish_1561405332,53.0
dish_1562617492,373.0
dish_1566414611,64.0
dish_1564777960,147.0
dish_1562873416,119.0
dish_1563567722,576.0
dish_1561577198,174.0
dish_1564601569,291.0
dish_1563305913,107.0
dish_1563216381,99.0
dish_1561574848,155.0
dish_1563827454,248.0
dish_1558640190,58.0
dish_1560541760,372.0
dish_1562945803,64.0
dish_1568313487,49.0
dish_1560541680,77.0
dish_1563305354,208.0
dish_1563897338,88.0
dish_1565640772,191.0
dish_1563217774,265.0
dish_1564686740,221.0
dish_1566938026,219.0
dish_1561663786,44.0
dish_1558380014,134.0
dish_1560798854,372.0
dish_1567020417,348.0
dish_1561664013,163.0
dish_1564170141,133.0
dish_1560455179,150.0
dish_1559844490,180.0
dish_1562775549,252.0
dish_1558637932,393.0
dish_1565107211,799.0
dish_1558641416,56.0
dish_1565640195,54.0
dish_1562945332,325.0
dish_1559149719,268.0
dish_1558372525,42.0
dish_1561753371,103.0
dish_1560455224,244.0
dish_1565023157,260.0
dish_1559846688,73.0
dish_1567785130,59.0
dish_1562173381,113.0
dish_1567023184,195.0
dish_1558719066,142.0
dish_1558632990,101.0
dish_1562096933,314.0
dish_1558548958,10.0
dish_1560527191,318.0
dish_1561654326,46.0
dish_1562097001,418.0
dish_1558379128,53.0
dish_1563216717,332.0
dish_1558639362,342.0
dish_1558381708,53.0
dish_1558375667,119.0
dish_1568401302,561.0
dish_1558373639,20.0
dish_1568666061,253.0
dish_1561577549,49.0
dish_1567110811,282.0
dish_1561392410,84.0
dish_1560973958,121.0
dish_1558463690,241.0
dish_1566416701,122.0
dish_1558725353,94.0
dish_1562613918,207.0
dish_1559678405,386.0
dish_1561392570,187.0
dish_1563811439,289.0
dish_1562173111,163.0
dish_1563997418,400.0
dish_1566934152,396.0
dish_1562777000,132.0
dish_1563908923,112.0
dish_1562959190,378.0
dish_1561662842,172.0
dish_1561578800,146.0
dish_1566328961,308.0
dish_1562956510,199.0
dish_1568401167,228.0
dish_1562603867,369.0
dish_1565972715,510.0
dish_1561574600,100.0
dish_1563910639,447.0
dish_1561493975,106.0
dish_1566328805,488.0
dish_1562613045,207.0
dish_1562094730,336.0
dish_1562945445,463.0
dish_1562702044,177.0
dish_1558720364,142.0
dish_1562007866,465.0
dish_1558026756,178.0
dish_1562613867,57.0
dish_1563305689,161.0
dish_1558031394,318.0
dish_1561577177,156.0
dish_1557853229,126.0
dish_1561480414,129.0
dish_1561654707,135.0
dish_1558718680,23.0
dish_1560444948,231.0
dish_1562963704,479.0
dish_1562690917,122.0
dish_1561664061,269.0
dish_1566413469,379.0
dish_1562702132,359.0
dish_1567024112,116.0
dish_1567022212,197.0
dish_1564689108,159.0
dish_1559240256,54.0
dish_1559332822,408.0
dish_1565897617,211.0
dish_1558630737,89.0
dish_1564601470,73.0
dish_1568665970,167.0
dish_1563997386,238.0
dish_1562950057,223.0
dish_1560455380,78.0
dish_1565640227,165.0
dish_1562873495,152.0
dish_1565638365,389.0
dish_1562605411,363.0
dish_1561578623,208.0
dish_1560800988,230.0
dish_1562871488,393.0
dish_1564690138,181.0
dish_1558639752,220.0
dish_1563206582,320.0
dish_1565987015,64.0
dish_1558376437,39.0
dish_1568666329,594.0
dish_1562184604,78.0
dish_1563897981,138.0
dish_1558717604,142.0
dish_1562945499,625.0
dish_1561575300,199.0
dish_1566333194,220.0
dish_1564601638,541.0
dish_1566931140,199.0
dish_1561576320,383.0
dish_1563216625,109.0
dish_1564502063,92.0
dish_1563309189,33.0
dish_1566333291,439.0
dish_1568314907,281.0
dish_1558640450,154.0
dish_1562789268,350.0
dish_1562775510,190.0
dish_1561393741,165.0
dish_1565987201,522.0
dish_1561739973,280.0
dish_1563827110,217.0
dish_1566847043,483.0
dish_1568313527,71.0
dish_1564429744,374.0
dish_1558724633,94.0
dish_1561663068,168.0
dish_1558637351,154.0
dish_1560367296,362.0
dish_1560369421,411.0
dish_1560444701,170.0
dish_1562611824,109.0
dish_1561491121,28.0
dish_1562602832,188.0
dish_1562097673,307.0
dish_1564590288,848.0
dish_1562097653,102.0
dish_1558639412,97.0
dish_1562170236,333.0
dish_1562873187,255.0
dish_1558725253,97.0
dish_1563477736,234.0
dish_1565812146,93.0
dish_1559674074,53.0
dish_1558641358,97.0
dish_1558629715,247.0
dish_1563294408,83.0
dish_1559235639,103.0
dish_1561481606,141.0
dish_1558642490,187.0
dish_1563389042,62.0
dish_1561049409,197.0
dish_1558463429,61.0
dish_1559846825,95.0
dish_1559844113,356.0
dish_1565637578,168.0
dish_1567106870,211.0
dish_1560527950,77.0
dish_1559849412,61.0
dish_1565118700,49.0
dish_1563395480,329.0
dish_1565809120,502.0
dish_1562602657,236.0
dish_1561577573,346.0
dish_1563306039,326.0
dish_1567801748,71.0
dish_1561392593,325.0
dish_1559242155,203.0
dish_1563908957,159.0
dish_1560366410,96.0
dish_1563552016,174.0
dish_1562946075,297.0
dish_1563812615,386.0
dish_1562774475,128.0
dish_1566499686,388.0
dish_1565810237,306.0
dish_1559838402,233.0
dish_1565728634,418.0
dish_1567537212,238.0
dish_1563822546,88.0
dish_1560802149,249.0
dish_1558725576,79.0
dish_1561578373,132.0
dish_1567022383,508.0
dish_1563909469,64.0
dish_1561666875,359.0
dish_1558114441,75.0
dish_1565210073,511.0
dish_1563822663,317.0
dish_1563811412,217.0
dish_1566502437,64.0
dish_1558632799,19.0
dish_1565799597,457.0
dish_1565987054,213.0
dish_1566416455,403.0
dish_1562172600,370.0
dish_1559849466,262.0
dish_1558638896,126.0
dish_1558373008,73.0
dish_1559239369,276.0
dish_1563465847,182.0
dish_1565195398,126.0
dish_1560801859,262.0
dish_1559841781,43.0
dish_1565725123,444.0
dish_1560367715,305.0
dish_1564428404,104.0
dish_1560356523,92.0
dish_1561663855,139.0
dish_1561666923,425.0
dish_1563898880,441.0
dish_1565726949,372.0
dish_1561578156,97.0
dish_1558640294,184.0
dish_1564168739,164.0
dish_1559581356,294.0
dish_1561578775,111.0
dish_1558113477,50.0
dish_1561753203,207.0
dish_1567628099,132.0
dish_1563811686,331.0
dish_1563550976,165.0
dish_1561752996,415.0
dish_1568056258,485.0
dish_1562958998,104.0
dish_1567629081,90.0
dish_1565725009,44.0
dish_1565797699,171.0
dish_1561576074,216.0
dish_1563308386,214.0
dish_1564589025,51.0
dish_1562614121,155.0
dish_1558636763,117.0
dish_1563294522,400.0
dish_1563826306,312.0
dish_1562095340,381.0
dish_1562602627,171.0
dish_1565033110,147.0
dish_1560539314,158.0
dish_1561492687,108.0
dish_1562875833,143.0
dish_1568056019,131.0
dish_1563221157,352.0
dish_1560888930,151.0
dish_1567007783,106.0
dish_1563208094,111.0
dish_1559581378,372.0
dish_1560454562,299.0
dish_1568405214,152.0
dish_1558639683,89.0
dish_1565195436,164.0
dish_1558723866,59.0
dish_1560453328,264.0
dish_1566329234,457.0
dish_1563220109,174.0
dish_1561752449,134.0
dish_1562611878,311.0
dish_1563566965,286.0
dish_1558725786,107.0
dish_1563481061,350.0
dish_1565808975,130.0
dish_1565811061,324.0
dish_1566415591,316.0
dish_1562686577,531.0
dish_1561146781,223.0
dish_1562702469,529.0
dish_1558026623,83.0
dish_1561575908,40.0
dish_1562086067,209.0
dish_1558720396,90.0
dish_1558724799,352.0
dish_1563827425,138.0
dish_1567007751,87.0
dish_1559157919,39.0
dish_1558547205,186.0
dish_1560526514,224.0
dish_1563476646,218.0
dish_1562172561,290.0
dish_1567789256,319.0
dish_1566920339,730.0
dish_1559845018,175.0
dish_1560369313,387.0
dish_1560369294,342.0
dish_1563998244,170.0
dish_1561741174,113.0
dish_1560802730,64.0
dish_1565035774,185.0
dish_1561747075,301.0
dish_1560270537,48.0
dish_1564086709,307.0
dish_1559846450,201.0
dish_1558640311,276.0
dish_1561392512,75.0
dish_1566501575,54.0
dish_1558721827,429.0
dish_1558639818,59.0
dish_1566851616,248.0
dish_1561574368,50.0
dish_1557863012,31.0
dish_1565379377,397.0
dish_1564082323,518.0
dish_1562691538,96.0
dish_1565021104,197.0
dish_1558723123,49.0
dish_1563565805,360.0
dish_1561494001,216.0
dish_1561661806,89.0
dish_1560368764,270.0
dish_1562873790,75.0
dish_1558724574,118.0
dish_1558640882,95.0
dish_1565034661,146.0
dish_1561392459,275.0
dish_1561740321,28.0
dish_1558723639,41.0
dish_1558723960,52.0
dish_1558631904,154.0
dish_1563567599,156.0
dish_1565378731,207.0
dish_1565813386,156.0
dish_1562689548,267.0
dish_1562871537,554.0
dish_1565379827,235.0
dish_1559934708,178.0
dish_1561574428,172.0
dish_1564590190,298.0
dish_1563551105,72.0
dish_1562873838,342.0
dish_1562688524,242.0
dish_1564689168,339.0
dish_1562085163,144.0
dish_1562010048,199.0
dish_1563824279,79.0
dish_1562787848,248.0
